;meta[language=en]
; id      |key(hex)|key(str)| text
;
; Tips for when i add spaces and : in front of lines. For example if you try to align
; the : with the string "Reputation system:", you must count the characters in "Reputation system"
; which is 17, then you mulitply by two and remove 1.
; There is always some variation since not all letters have the same width, but that should
; save you some time.
;
; Changed in v2.14:
;  - id 2115018485 - 2115018490 was added
;
; Changed in v2.13:
;  - id 2115018393 was updated
;  - id 2115018445 was added
;  - id 2115018446 was added
;  - id 2115018297 was updated
;
; Changed in v2.12:
;  - changes are too vast to list here  unfortunately, i would recommend looking at
;    the changelog on github and finding the link to the diff between v2.11 to v2.12.
;
; Changed in v2.9:
;  - id 2115018288 was updated, the string as well as the key
;  - id 2115018289 was updated, the string as well as the key
;  - id 2115018297 was updated
;  - id 2115018403 was updated, the string as well as the key
;  - id 2115018404 was updated, the string as well as the key
;  - id 2115018405 was updated, the string as well as the key
;  - id 2115018406 was updated, the string as well as the key
;  - id 2115018466 was updated, the string as well as the key
;  - id 2115018467 was updated, the string as well as the key
;  - id 2115018433 was updated,
;
; Changed in v2.8:
;  - Anything below id: 2115018462 was added
;  - id 2115018275 was updated (completely rewritten)
;  - id 2115018460 was updated, careful the key was changed too.
;  - id 2115018403 was updated to add colors around the difficulty
;  - id 2115018404 was updated to add colors around the difficulty
;  - id 2115018405 was updated to add colors around the difficulty
;  - id 2115018406 was updated to add colors around the difficulty
;
; Changed in v2.7:
;  - Anything below id: 2115018400 was added
;  - id 2115018347 was deleted (all IDs after this line were decremented by 1)
;  - id 2115018290 was updated
;
; Changed in v2.6:
;  - Anything below id: 2115018342 was added
;  - id: 2115018277 was updated
;
;
2115018001|        |preset_value_rer_defaults|Defaults
2115018002|        |option_rer_custom_frequency_low_day|<font color="#ffd33d">                       กลางวัน:</font> delay ต่ำสุด (วินาที)
2115018003|        |option_rer_custom_frequency_high_day|<font color="#ffd33d">                                  :</font> delay สูงสุด (วินาที)
2115018004|        |option_rer_custom_frequency_low_night|<font color="#b392f0">                    กลางคืน:</font> delay ต่ำสุด (วินาที)
2115018005|        |option_rer_custom_frequency_hight_night|<font color="#b392f0">                                  :</font> delay สูงสุด (วินาที)
2115018006|        |preset_value_rer_low|ต่ำ
2115018007|        |preset_value_rer_medium|ปานกลาง
2115018008|        |preset_value_rer_high|สูง
2115018009|        |panel_Mods|Mods
2115018010|        |panel_rer_name|Random Encounters Reworked
2115018011|        |panel_rer_main_settings|การตั้งค่าหลัก
2115018012|        |option_rer_city_spawn|การปรากฏตัวในชุมชน
2115018013|        |preset_value_rer_select_yes|เปิด
2115018014|        |preset_value_rer_select_no|ปิด
2115018015|        |option_rer_difficulty|ความยากในการเผชิญหน้า (มีผลต่อจำนวนศัตรู)
2115018016|        |preset_value_rer_easy|ง่าย
2115018017|        |preset_value_rer_medium|ปานกลาง
2115018018|        |preset_value_rer_hard|ยาก
2115018019|        |preset_value_rer_random|สุ่ม
2115018020|        |option_rer_enemy_count_multiplier|<font color="#ffd33d">จำนวน (เท่าตัว)</font>
2115018021|        |option_rer_monster_hunt_ratio_day|<font color="#ffd33d">ความถี่</font>
2115018022|        |panel_rer_encounter_type|ประเภทการเผชิญหน้า
2115018023|        |panel_rer_creature_frequency|ความถี่ของสิ่งมีชีวิต
2115018024|        |panel_rer_creatures_ratios|อัตราส่วนของสิ่งมีชีวิต
2115018025|        |panel_ambush_day_settings|การซุ่มโจมตี กลางวัน
2115018026|        |panel_ambush_night_settings|การซุ่มโจมตี กลางคืน
2115018027|        |preset_value_rer_everything_off|ปิดทั้งหมด
2115018028|        |preset_value_rer_everything_on|เปิดทั้งหมด
2115018029|        |option_rer_leshen|Leshens
2115018030|        |option_rer_werewolf|มนุษย์หมาป่า
2115018031|        |option_rer_cyclop|Cyclops
2115018032|        |option_rer_arachas|Arachas
2115018033|        |option_rer_fiend|Fiends
2115018034|        |option_rer_chort|Chorts
2115018035|        |option_rer_vampire|แวมไพร์
2115018036|        |option_rer_bear|หมี
2115018037|        |option_rer_skelligebear|หมี Skellige
2115018038|        |option_rer_golem|Golems
2115018039|        |option_rer_elemental|Elementals
2115018040|        |option_rer_nightwraith|NightWraiths
2115018041|        |option_rer_noonwraith|NoonWraiths
2115018042|        |option_rer_troll|Trolls
2115018043|        |option_rer_skelligetroll|Skellige Trolls
2115018044|        |option_rer_hag|Hags
2115018045|        |option_rer_harpy|Harpies
2115018046|        |option_rer_fogling|Foglets
2115018047|        |option_rer_endrega|Endregas
2115018048|        |option_rer_ghoul|Ghouls
2115018049|        |option_rer_alghoul|Alghouls
2115018050|        |option_rer_nekker|Nekkers
2115018051|        |option_rer_drowner|Drowners
2115018052|        |option_rer_rotfiend|Rotfiends
2115018053|        |option_rer_wolf|หมาป่า
2115018054|        |option_rer_skelligewolf|หมาป่า Skellige
2115018055|        |option_rer_wraith|Wraiths
2115018056|        |option_rer_spider|แมงมุม
2115018057|        |option_rer_boar|หมูป่า
2115018058|        |option_rer_higher_vampire|แวมไพร์ชั้นสูง
2115018059|        |option_rer_bruxa|Bruxaes
2115018060|        |option_rer_fleder|Fleders
2115018061|        |option_rer_garkain|Garkains
2115018062|        |option_rer_scurver|Scurvers
2115018063|        |option_rer_giant|ยักษ์
2115018064|        |option_rer_skeleton|โครงกระดูก
2115018065|        |option_rer_barghest|Barghests
2115018066|        |option_rer_echinops|Echinops
2115018067|        |option_rer_centipede|Centipedes
2115018068|        |option_rer_kikimore|Kikimores
2115018069|        |option_rer_panther|เสือดำ
2115018070|        |option_rer_shaelmaar|Shaelmaars
2115018071|        |option_rer_wight|Wights
2115018072|        |option_rer_human|โจร
2115018073|        |option_rer_wildhunt|Wild Hunts
2115018074|        |option_rer_gryphon|Griffins
2115018075|        |option_rer_cockatrice|Cockatrices
2115018076|        |option_rer_wyvern|Wyverns
2115018077|        |option_rer_forktail|Forktails
2115018078|        |option_rer_basilisk|Basilisks
2115018079|        |option_rer_katakan|Katakans
2115018080|        |option_rer_ekimmara|Ekimmaras
2115018081|        |option_rer_siren|Sirens
2115018082|        |option_rer_berserker|Berserkers
2115018083|        |option_rer_dracolizard|Slyzards
2115018084|        |option_rer_gargoyle|Gargoyles
2115018085|        |preset_Mods_rer_name_rer_main_settings|การตั้งค่าหลัก
2115018086|        |preset_Mods_rer_name_rer_creature_frequency|ความถี่ของสิ่งมีชีวิต
2115018087|        |preset_Mods_rer_name_rer_encounters_settings_ratios_and_frequencies_ambush_day_settings|ซุ่มโจมตี กลางวัน
2115018088|        |preset_Mods_rer_name_rer_encounters_settings_ratios_and_frequencies_ambush_night_settings|ซุ่มโจมตี กลางคืน
2115018089|        |option_rer_geralt_comments|เสียงพากย์ของ Geralt
2115018090|        |option_rer_enabled|<font color="#28a745">เปิดใช้งาน MOD</font>
2115018091|        |option_rer_hide_notifications|ซ่อนการแจ้งเตือน RER
2115018092|        |option_rer_enable_encounters_loot|ของ Drop จากการเผชิญหน้า
2115018093|        |preset_Mods_rer_name_rer_city_spawns|การปรากฏตัวในชุมชน
2115018094|        |preset_value_rer_no_city_spawns|ปิดทั้งหมด
2115018095|        |preset_value_rer_all_city_spawns|เปิดทั้งหมด
2115018096|        |preset_value_rer_no_large_creatures|ไม่มีตัวใหญ่
2115018097|        |preset_value_rer_no_small_creatures|ไม่มีตัวเล็ก
2115018098|        |option_rer_external_factors_coefficient|External factors coefficient
2115018099|        |option_rer_monster_contract_ratio_day|<font color="#ffd33d">ความถี่</font>
2115018100|        |option_rer_monster_ambush_ratio_day|<font color="#ffd33d">ความถี่</font>
2115018101|        |panel_rer_settlement_settings|การปรากฏตัวในชุมชน
2115018102|        |preset_Mods_rer_name_rer_encounter_type|ประเภทการเผชิญหน้า
2115018103|        |option_rer_mod_initialized|MOD INITIALIZED <font color="#d73a49">(CAUTION)</font>
2115018104|        |preset_Mods_rer_name_rer_monster_trophies|หัวรางวัลสัตว์ประหลาด
2115018105|        |panel_rer_monster_trophies|หัวรางวัลสัตว์ประหลาด
2115018106|        |rer_trophy_werewolf|หัวรางวัล มนุษย์หมาป่า
2115018107|        |rer_trophy_fogling|หัวรางวัล Foglet
2115018108|        |rer_trophy_wildhunt|หัวรางวัล  Wild Hunt
2115018109|        |rer_trophy_beast|หัวรางวัล สัตว์ป่า
2115018110|        |rer_trophy_wraith|หัวรางวัล Wraith
2115018111|        |rer_trophy_nekker|หัวรางวัล Nekker
2115018112|        |rer_trophy_leshen|หัวรางวัล Leshen
2115018113|        |rer_trophy_katakan|หัวรางวัล Katakan
2115018114|        |rer_trophy_ekimmara|หัวรางวัล Ekimmara
2115018115|        |rer_trophy_harpy|หัวรางวัล Harpy
2115018116|        |rer_trophy_giant|หัวรางวัล Giant
2115018117|        |rer_trophy_sharley|หัวรางวัล Sharley
2115018118|        |rer_trophy_wight|หัวรางวัล Wight
2115018119|        |rer_trophy_grave_hag|หัวรางวัล Grave Hag
2115018120|        |rer_trophy_fiend|หัวรางวัล Fiend
2115018121|        |rer_trophy_elemental|หัวรางวัล Elemental
2115018122|        |rer_trophy_insectoid|หัวรางวัล Insectoid
2115018123|        |rer_trophy_griffin|หัวรางวัล Griffin
2115018124|        |rer_trophy_basilisk|หัวรางวัล Basilisk
2115018125|        |rer_trophy_cockatrice|หัวรางวัล Cockatrice
2115018126|        |rer_trophy_wyvern|หัวรางวัล Wyvern
2115018127|        |rer_trophy_forktail|หัวรางวัล Forktail
2115018128|        |rer_trophy_czart|หัวรางวัล Chort
2115018129|        |rer_trophy_cyclop|หัวรางวัล Cyclop
2115018130|        |rer_trophy_noonwraith|หัวรางวัล NoonWraith
2115018131|        |rer_trophy_nightwraith|หัวรางวัล NightWraith
2115018132|        |rer_trophy_arachas|หัวรางวัล Arachas
2115018133|        |rer_trophy_garkain|หัวรางวัล Garkain
2115018134|        |rer_trophy_spirit|หัวรางวัล Specter
2115018135|        |rer_trophy_necrophage|หัวรางวัล Necrophage
2115018136|        |rer_trophy_vampire|หัวรางวัล แวมไพร์
2115018137|        |rer_trophy_human|หัวรางวัล มนุษย์
2115018138|        |rer_trophy_troll|หัวรางวัล Troll
2115018139|        |rer_trophy_dracolizard|หัวรางวัล Dracolizard
2115018140|        |option_rer_min_spawn_distance|<font color="#ffffff">              ระยะ:</font> ระยะปรากฏตัวต่ำสุด (เมตร)
2115018141|        |option_rer_spawn_diameter|<font color="#ffffff">                     :</font> เส้นผ่านศูนย์กลางการปรากฏตัว (เมตร)
2115018142|        |option_rer_kill_threshold_distance|<font color="#ffffff">                     :</font> threshold การสังหารอัตโนมัติ (เมตร)
2115018143|        |preset_Mods_rer_name_rer_advanced_settings|การตั้งค่าขั้นสูง
2115018144|        |panel_rer_advanced_settings|การตั้งค่าขั้นสูง
2115018145|        |option_rer_trophies_ambush|<font color="#ffd33d">จากการซุ่มโจมตี</font>
2115018146|        |option_rer_trophies_hunt|<font color="#ffd33d">จากการออกล่า</font>
2115018147|        |option_rer_trophies_contract|<font color="#ffd33d">จากสัญญาจ้าง</font>
2115018148|        |option_rer_trophy_pickup_animation|โอกาสเกิดแอนิเมชันเก็บหัวรางวัล
2115018149|        |option_rer_only_known_bestiary_creatures|เฉพาะสิ่งมีชีวิตในสารานุกรมสัตว์ประหลาดที่รู้จักเท่านั้น
2115018150|        |preset_Mods_rer_name_rer_advanced_settings_distances|ระยะทาง
2115018151|        |panel_distances|ระยะทาง
2115018152|        |preset_Mods_rer_name_rer_advanced_settings_levels|Levels
2115018153|        |panel_levels|Levels
2115018154|        |option_rer_min_level_range|<font color="#28a745">                  Levels:</font> ต่ำสุด (เทียบกับ Geralt)
2115018155|        |option_rer_max_level_range|<font color="#28a745">                             :</font> สูงสุด (เทียบกับ Geralt)
2115018156|        |preset_Mods_rer_name_rer_rewards_settings_rer_trophies_settings|หัวรางวัล (Trophy)
2115018157|        |panel_rer_trophies_settings|หัวรางวัล (Trophy)
2115018158|        |option_rer_trophy_prices|<font color="#ffd33d">มูลค่า</font>
2115018159|        |preset_value_rer_trophy_prices_low|ต่ำ (100%)
2115018160|        |preset_value_rer_trophy_prices_medium|ปานกลาง (200%)
2115018161|        |preset_value_rer_trophy_prices_high|สูง (300%)
2115018162|        |preset_Mods_rer_name_rer_events_settings|Event system
2115018163|        |panel_rer_events_settings|Event system
2115018164|        |option_rer_event_system_interval|ช่วงเวลาที่เกิด (วินาที) [0 = ปิดใช้งาน]
2115018165|        |option_rer_mod_enabled|<font color="#28a745">MOD ENABLED</font>
2115018166|        |option_rer_disabled|RandomEncounters Reworked disabled
2115018167|        |option_rer_event_bloodnecrophages_chance|% การเกิด Event - เลือดดึงดูด necrophages
2115018168|        |option_rer_event_bodiesnecrophages_chance|% การเกิด Event - ซากศพดึงดูด necrophages
2115018169|        |option_rer_event_entersswamp_chance|% การเกิด Event - ซุ่มโจมตีที่หนองน้ำ
2115018170|        |option_rer_event_fightnoise_chance|% การเกิด Event - เสียงต่อสู้ดึงดูดการซุ่มโจมตี
2115018171|        |option_rer_event_fillcreaturesgroup_chance|% การเกิด Event - เพิ่มกลุ่มสิ่งมีชีวิต
2115018172|        |option_rer_event_meditationambush_chance|% การเกิด Event - ซุ่มโจมตีขณะนั่งสมาธิ
2115018174|        |option_rer_event_system_internal_cooldown|วินาทีก่อนจะเกิด Event ถัดไป
2115018175|        |option_rer_event_fillcreaturesgroup_allow_combat|เพิ่มสิ่งมีชีวิตแบบเดียวกับที่สู้อยู่
2115018176|        |option_rer_big_city_spawns|การปรากฏตัวในเมืองใหญ่ (Novigrad/Oxenfurt/Kaer Trolde)
2115018177|        |preset_value_rer_region_constraint_none|ทุกที่
2115018178|        |preset_value_rer_region_constraint_only_velen|เฉพาะใน Velen
2115018179|        |preset_value_rer_region_constraint_only_skellige|เฉพาะใน Skellige
2115018180|        |preset_value_rer_region_constraint_only_toussaint|เฉพาะใน Toussaint
2115018181|        |preset_value_rer_region_constraint_no_velen|ไม่อยู่ใน Velen
2115018182|        |preset_value_rer_region_constraint_no_skellige|ไม่อยู่ใน Skellige
2115018183|        |preset_value_rer_region_constraint_no_toussaint|ไม่อยู่ใน Toussaint
2115018184|        |preset_Mods_rer_name_rer_encounters_settings_rer_region_constraints_settings|การจำกัดภูมิภาค
2115018185|        |preset_value_rer_region_constraint_only_whiteorchard|เฉพาะใน White Orchard
2115018186|        |preset_value_rer_region_constraint_no_whiteorchard|ไม่อยู่ใน White Orchard
2115018187|        |panel_rer_region_constraints_settings|การจำกัดภูมิภาค
2115018188|        |preset_Mods_rer_name_rer_encounters_settings|อัตราส่วนการตั้งค่าสิ่งมีชีวิต
2115018189|        |panel_rer_creatures_ratio|อัตราส่วนของสิ่งมีชีวิต
2115018190|        |panel_hunt_day_settings|การออกล่า กลางวัน
2115018191|        |panel_hunt_night_settings|การออกล่า กลางคืน
2115018192|        |preset_Mods_rer_name_rer_encounters_settings_ratios_and_frequencies_hunt_day_settings|การออกล่า กลางวัน
2115018193|        |preset_Mods_rer_name_rer_encounters_settings_ratios_and_frequencies_hunt_night_settings|การออกล่า กลางคืน
2115018194|        |panel_contract_day_settings|สัญญาจ้าง กลางวัน
2115018195|        |panel_contract_night_settings|สัญญาจ้าง กลางคืน
2115018196|        |preset_Mods_rer_name_rer_encounters_settings_ratios_and_frequencies_contract_day_settings|สัญญาจ้าง กลางวัน
2115018197|        |preset_Mods_rer_name_rer_encounters_settings_ratios_and_frequencies_contract_night_settings|สัญญาจ้าง กลางคืน
2115018198|        |preset_Mods_rer_name_rer_advanced_settings_performances|ประสิทธิภาพ
2115018199|        |panel_performances|ประสิทธิภาพ
2115018200|        |option_rer_foottracks_ratio|อัตราส่วนร่องรอย [100: ทั้งหมด, 0: ไม่มีร่องรอย]
2115018201|        |preset_value_rer_all_everywhere|ทุกที่ทั้งหมด
2115018202|        |option_rer_camera_blending_disabled|ปิดการใช้งาน camera blending
2115018203|        |option_dlc_rer|Random Encounters Reworked
2115018204|        |option_rer_camera_scenes_disabled|ปิดการใช้งาน camera scenes
2115018205|        |option_rer_monster_ambush_ratio_night|<font color="#ffd33d">ความถี่</font>
2115018206|        |option_rer_monster_hunt_ratio_night|<font color="#ffd33d">ความถี่</font>
2115018207|        |option_rer_monster_contract_ratio_night|<font color="#ffd33d">ความถี่</font>
2115018208|        |option_rer_enable_action_camera_scenes|ใช้งาน action camera scenes
2115018209|        |preset_Mods_rer_name_rer_encounters_settings|การเผชิญหน้า
2115018210|        |preset_Mods_rer_name_rer_encounters_settings_rer_general_settings|ทั่วไป
2115018211|        |preset_Mods_rer_name_rer_encounters_settings_rer_constraints_settings|การจำกัดภูมิภาค
2115018212|        |preset_Mods_rer_name_rer_encounters_settings_rer_settlement_settings|การปรากฏตัวในชุมชน
2115018213|        |panel_rer_general_settings|ทั่วไป
2115018214|        |panel_rer_optional_features_settings|Optional features
2115018215|        |panel_rer_encounters_settings|การเผชิญหน้า
2115018216|        |preset_Mods_rer_name_rer_optional_features_settings|Optional features
2115018217|        |option_rer_monster_contract_longevity|ไม่ใช้
2115018218|        |panel_creature_type_multiplier|Creature type multiplier
2115018219|        |preset_Mods_rer_name_rer_encounters_settings_creature_type_multiplier|Creature type multiplier
2115018220|        |option_rer_crowns_ambush|<font color="#ffd33d">จากการซุ่มโจมตี</font>
2115018221|        |option_rer_crowns_hunt|<font color="#ffd33d">จากการออกล่า</font>
2115018222|        |option_rer_crowns_contract|<font color="#ffd33d">จากสัญญาจ้าง</font>
2115018224|        |preset_Mods_rer_name_rer_rewards_settings|ระบบรางวัล
2115018225|        |panel_rer_rewards_settings|ระบบรางวัล
2115018226|        |preset_Mods_rer_name_rer_rewards_settings_rer_crowns_settings|เงินรางวัล
2115018227|        |panel_rer_crowns_settings|เงินรางวัล
2115018228|        |option_rer_trails_use_pathfinding|ใช้การสำรวจหาร่องรอย
2115018229|        |option_rer_static_encounter_small_spawn_chance|<font color="#ec6cb9">การเผชิญหน้าแบบคงที่:</font> กลุ่มเล็ก - โอกาสปรากฏตัว (%)
2115018230|        |option_rer_static_encounter_large_spawn_chance|<font color="#ec6cb9">                             :</font> กลุ่มใหญ่ - โอกาสปรากฏตัว (%)
2115018231|        |option_rer_camera_immersive_camera_compatibility|ไม่มี camera scene บนหลังม้า <font size="15">(ใช้ร่วมกับ ImmersiveCamera)</font>
2115018232|        |panel_rer_ecosystem_settings|ระบบนิเวศ
2115018233|        |preset_Mods_rer_name_rer_ecosystem_settings|ระบบนิเวศ
2115018234|        |option_rer_ecosystem_community_power_effect|ความหลากหลาย [สูง = น้อยลง, ต่ำ = มากขึ้น]
2115018235|        |option_rer_ecosystem_community_natural_death_speed|อัตราการตายตามธรรมชาติ
2115018236|        |option_rer_ecosystem_community_power_spread|การกระจายอำนาจของกลุ่มสิ่งมีชีวิต <font size="15">(community power spread)</font>
2115018237|        |option_rer_crowns_hunting_ground|<font color="#ffd33d">จากพื้นที่ออกล่า</font>
2115018238|        |panel_hunting_ground_day_settings|พื้นที่ออกล่า กลางวัน
2115018239|        |panel_hunting_ground_night_settings|พื้นที่ออกล่า กลางคืน
2115018240|        |preset_Mods_rer_name_rer_encounters_settings_ratios_and_frequencies_hunting_ground_day_settings|พื้นที่ออกล่า กลางวัน
2115018241|        |preset_Mods_rer_name_rer_encounters_settings_ratios_and_frequencies_hunting_ground_night_settings|พื้นที่ออกล่า กลางคืน
2115018242|        |option_rer_monster_hunting_ground_ratio_night|<font color="#ffd33d">ความถี่</font>
2115018243|        |option_rer_monster_hunting_ground_ratio_day|<font color="#ffd33d">ความถี่</font>
2115018244|        |preset_Mods_rer_name_ratios_and_frequencies|อัตราส่วนและความถี่
2115018245|        |panel_ratios_and_frequencies|อัตราส่วนและความถี่
2115018246|        |option_rer_trophies_hunting_ground|<font color="#ffd33d">จากพื้นที่ออกล่า</font>
2115018247|        |option_rer_markers_contract_first_phase|Markers - สัญญาจ้างระยะแรก
2115018248|        |option_rer_markers_contract_intermediary_phase|Markers - สัญญาจ้างระยะกลาง
2115018249|        |option_rer_markers_bounty_hunting|Markers - งานล่าค่าหัว
2115018250|        |option_rer_markers_challenge_mode|Markers - โหมดท้าทาย
2115018251|        |preset_Mods_rer_name_rer_tutorials_settings|Tutorials
2115018252|        |panel_rer_tutorials_settings|Tutorials
2115018253|        |option_rer_tutorial_challenge_mode|โหมดท้าทาย
2115018254|        |option_rer_tutorial_bounty_hunting|งานล่าค่าหัว
2115018255|        |option_rer_tutorial_monster_contract|สัญญาจ้างล่าสัตว์ประหลาด
2115018256|        |option_rer_tutorial_noticeboard_event|เหตุการณ์กระดานประกาศ
2115018257|        |option_rer_tutorial_clue_examined|การแกะรอย
2115018258|        |option_rer_tutorial_ambushed|Geralt ถูกซุ่มโจมตี
2115018259|        |option_rer_tutorial_trophy|รางวัล
2115018260|        |option_rer_tutorial_ecosystem|ระบบนิเวศ
2115018261|        |panel_hud_dialogue_title_bet_rer|Bounty seed selector
2115018262|        |option_rer_trophy_master_buying_price|ราคาซื้อหัวรางวัลจากนายหน้าค่าหัว (%)
2115018263|        |rer_bounty_notice|ใบประกาศล่าค่าหัว
2115018264|        |rer_bounty_notice_description|นายหน้าค่าหัวกำลังมองหาวิทเชอร์ เนื่องจากมีอสูรกายที่ต้องกำจัด ไปพบเขาเพื่อเริ่มรับงานล่าค่าหัวและขายหัวรางวัลของคุณ
2115018265|        |item_desc_trophy|หัวของสัตว์ประหลาด นายหน้าค่าหัวอาจจะรับซื้อไปในราคาที่ดีกว่า
2115018266|        |option_rer_ignore_seed_selector_window|ข้ามหน้าต่าง Bounty seed selector
2115018267|        |option_rer_delay_loading_start|Delay เริ่มโหลด RER (ใช้งานร่วมกับ Bootstrap Hooked)
2115018268|        |rer_tutorial_ambush_title|RER Tutorial - ซุ่มโจมตี (Ambushed)
2115018269|        |rer_tutorial_ambush_body|คุณเพิ่งโดน<font color="#CD7D03">ซุ่มโจมตี (ambushed)</font> ตอนนี้ศัตรูกำลังเคลื่อนเข้ามาหา และคุณต้องต่อสู้กับพวกมัน คุณสามารถวิ่งหนีได้ แต่พวกมันจะตามคุณไปจนกว่าคุณจะเอาชนะพวกมันได้ เมื่อทำได้ คุณจะได้รับรางวัลเป็นเงิน (crowns) และหัวรางวัล (trophy) หากคุณไม่ชอบการซุ่มโจมตี หรือต้องการปรับให้มันท้าทายมากขึ้นหรือน้อยลง คุณสามารถเปลี่ยนได้ที่การตั้งค่า (settings) ในเมนูย่อย Ambush (ในเมนู Encounter System).
2115018270|        |rer_tutorial_bounty_title|RER Tutorial - งานล่าค่าหัว (Bounty hunting)
2115018271|        |rer_tutorial_bounty_body|คุณเพิ่งเริ่ม<font color="#CD7D03">งานล่าค่าหัว (bounty)</font> งานล่าค่าหัวประกอบด้วยเป้าหมายหลัก (main target) หนึ่งตัว และเป้าหมายรอง (side targets) จำนวนสุ่ม โดยทั่วไปพวกมันจะปรากฏตัวตามจุดที่น่าสนใจรอบภูมิภาค เป้าหมายคือการสังหารเป้าหมายหลักเสมอ เป้าหมายรองสามารถข้ามได้ แต่หากคุณพยายามไปสังหารพวกมัน จะเพิ่มรางวัลของคุณ 100% สำหรับเป้าหมายรองทุกตัวที่สังหารได้ อย่างไรก็ตาม การทำเช่นนี้ยังมีผลข้างเคียงในการเพิ่มความยากในการต่อสู้กับเป้าหมายหลัก.
2115018272|        |rer_tutorial_clue_title|RER Tutorial - การแกะรอย (Clue examined)
2115018273|        |rer_tutorial_clue_body|คุณเพิ่ง<font color="#CD7D03">สำรวจร่องรอย (examined a track)</font> ที่สิ่งมีชีวิตทิ้งไว้ เมื่อสำรวจแล้ว Geralt จะแสดงความเห็นเกี่ยวกับประเภทของอสูรกายและการตามรอยจะนำคุณไปยังสิ่งมีชีวิตที่ทิ้งร่องรอยนั้นไว้ อย่างไรก็ตาม โปรดจำไว้ว่า เนื่องจาก RER ใช้เสียงพากย์ต้นฉบับ (vanilla voicelines) สิ่งมีชีวิตบางตัวอาจถูกระบุผิดพลาด แต่ตระกูลของสิ่งมีชีวิตนั้นจะถูกต้องเสมอ ตัวอย่างเช่น Geralt อาจพบร่องรอยของ noonwraith แต่เนื่องจากไม่มีเสียงพากย์สำหรับมัน เขาจึงบอกว่าเป็น nightwraith พวกมันเป็นสิ่งมีชีวิตที่แตกต่างกัน แต่มาจากตระกูลเดียวกันคือ "wraiths".
2115018274|        |rer_tutorial_contract_title|RER Tutorial - สัญญาจ้างล่าสัตว์ประหลาด (Monster contract)
2115018275|        |rer_tutorial_contract_body|คุณเพิ่งได้รับ<font color="#CD7D03">สัญญาจ้างพิเศษ (custom contract)</font> ซึ่งสังเกตได้จากผู้ลงประกาศที่จะเป็น <font color="#CD7D03">A. Letoth</font> เสมอ เมื่อคุณปิดคู่มือนี้ จะมีเมนูปรากฏขึ้นแสดงข้อมูลต่อไปนี้:<br />- ประเภทของเหรียญ (tokens) ที่คุณสามารถได้รับจากกระดานประกาศ (noticeboard) นี้<br />- ชื่อเสียง (reputation) ปัจจุบันของคุณ<br />- สัญญาจ้าง (contracts) ที่มี<br />โปรดทราบว่าปัจจัยเหล่านี้ไม่ซ้ำกันสำหรับกระดานประกาศแต่ละแห่งในเกม<br />คุณอาจสังเกตเห็นว่าใบประกาศที่ใช้เริ่มสัญญาจ้างทั้งหมดในเกมต้นฉบับหายไป นี่เป็นเพราะ RER ใช้<font color="#CD7D03">ระบบชื่อเสียง (reputation system)</font> พิเศษ ซึ่ง Geralt ต้องได้รับชื่อเสียงจากการทำสัญญาจ้างของ RER (RER contracts) ให้สำเร็จ เพื่อให้ผู้คนในพื้นที่รู้ว่ามีวิทเชอร์อยู่และจะนำสัญญาจ้างต้นฉบับมาลง ระบบชื่อเสียงยังควบคุมประเภทของสัญญาจ้าง RER ที่คุณสามารถรับได้ โดยเริ่มจากสัญญาจ้างง่ายๆ และเพิ่มระดับไปจนถึงสัญญาจ้างยากๆ<br/><br/>หากคุณไม่ชอบระบบนี้ คุณสามารถปิดได้ในเมนู Contracts System.
2115018276|        |rer_tutorial_ecosystem_title|RER Tutorial - ระบบนิเวศ (The ecosystem)
2115018277|        |rer_tutorial_ecosystem_body|การสังหารสิ่งมีชีวิตของคุณเมื่อเร็วๆ นี้ ได้เปลี่ยน<font color="#CD7D03">ระบบนิเวศ (ecosystem)</font> โดยรอบทางอ้อม RER จำลองวงจรห่วงโซ่อาหาร ซึ่งจะเปลี่ยนแปลงสิ่งมีชีวิตที่คุณพบเจอ เมื่อใดที่คุณสังหารสิ่งมีชีวิต ระบบนิเวศก็จะเปลี่ยนไป และหากคุณสังหารต่อไป สัตว์สายพันธุ์ใหม่ก็อาจปรากฏขึ้น และบางตัวอาจย้ายถิ่นฐานไปยังภูมิภาคอื่นๆ ได้ คุณสามารถตรวจสอบระบบนิเวศได้โดยใช้ปุ่มคีย์ลัด Ecosystem Analysis ซึ่งจะบอกข้อมูลที่เป็นประโยชน์เกี่ยวกับสิ่งมีชีวิตและถิ่นที่อยู่ของพวกมัน ปุ่มคีย์ลัด (keybind) นี้ไม่ได้ตั้งค่าไว้เป็นค่าเริ่มต้น ดังนั้นหากคุณต้องการใช้ โปรดดูคู่มือการติดตั้งแบบละเอียด<br /><br />หากคุณไม่ชอบคุณสมบัตินี้ คุณสามารถเปลี่ยนผลกระทบหรือปิดใช้งานทั้งหมดได้ในเมนู Ecosystem.
2115018278|        |rer_tutorial_noticeboard_event_title|RER Tutorial - กระดานประกาศว่าจ้าง (Noticeboard event)
2115018279|        |rer_tutorial_noticeboard_event_body|คุณได้เลือก<font color="#CD7D03">ใบประกาศว่าจ้าง (contract notice)</font> จากม็อด Random Encounters Reworked เมื่อคุณปิดหน้าต่างนี้ คุณจะเห็นตัวเลือกบทสนทนาเพื่อเลือกความยากของสัญญาจ้าง รวมถึงข้อมูลเกี่ยวกับกระดานประกาศ (noticeboard) รางวัลเหล่านี้จะแตกต่างกันไปตามกระดานประกาศและภูมิภาคแต่จะคงเดิมตลอดการเล่น.
2115018280|        |rer_tutorial_rewards_title|RER Tutorial - รางวัล (Rewards)
2115018281|        |rer_tutorial_rewards_body|คุณเพิ่งเก็บ<font color="#CD7D03">หัวรางวัล (trophy)</font> ได้ สิ่งเหล่านี้ไม่มีประโยชน์อื่นใดนอกจากการนำไปขายแลกเป็นเงิน แต่การที่คุณเลือกขายให้ใครนั้นสำคัญ หากคุณต้องการกำไรสูงสุด<br /><br />หากคุณไม่ชอบเงินรางวัล (rewards) และต้องการเปลี่ยนแปลง คุณสามารถทำได้ในเมนู Rewards System.
2115018282|        |option_rer_settlement_delay_multiplier|<font size="15">Delay เมื่ออยู่ในชุมชน [1 = ไม่เปลี่ยนแปลง, 2 = นานขึ้นสองเท่า]</font>
2115018283|        |option_rer_dynamic_creatures_size|ขนาดสิ่งมีชีวิตแบบ Dynamic <font size="15">(ปรับขนาดตาม level ของพวกมัน)</font>
2115018284|        |rer_unknown|ไม่ทราบ
2115018285|        |rer_bounty_start_popup|พบเห็นสิ่งมีชีวิตต่อไปนี้และมี<font color="#CD7D03">ค่าหัว</font>:<br /><br />เป้าหมายหลัก (Main target) จำเป็นสำหรับการขึ้นเงินรางวัล:<br />{{main_creature_listing}}<br /><br />เป้าหมายรองทางเลือก (Optional side targets):<br />{{side_creature_listing}}<br />ผู้ใดนำหัวของมันมาให้<font color="#CD7D03">นายหน้าค่าหัว (bounty master)</font> จะได้รับรางวัลมากมาย.
2115018286|        |rer_mappin_bounty_master_title|นายหน้าค่าหัว
2115018287|        |rer_mappin_bounty_master_description|ไปหานายหน้าค่าหัว เพื่อขายหัวรางวัลของคุณ และรับทราบเกี่ยวกับงานล่าค่าหัวใหม่ๆ <font color="#ffd33d">(คลิกเพื่อ fast-travel)</font>.
2115018288|        |rer_mappin_bounty_main_target_title|เป้าหมายการล่าหลัก
2115018289|        |rer_mappin_bounty_main_target_description|พบเห็น {{creature_type}} ในบริเวณนี้ สังหารพวกมันเพื่อเงินรางวัลค่าหัว<font color="#ffd33d">(คลิกเพื่อ fast-travel)</font>.
2115018290|        |rer_mappin_regular_title|เป้าหมายสัญญาจ้าง
2115018291|        |rer_mappin_regular_description|ร่องรอยนำมาสู่บริเวณนี้ ต้องมีบางสิ่งที่น่าสนใจอยู่ที่นี่.
2115018292|        |rer_dialog_farewell|ลาก่อน.
2115018293|        |rer_dialog_start_bounty|เริ่มการล่า
2115018294|        |rer_dialog_start_bounty_no_conversation|เริ่มการล่า (ข้ามการสนทนา)
2115018295|        |rer_dialog_sell_trophies|ขายหัวรางวัล ({{crowns_amount}})
2115018296|        |rer_bounty_master_trophies_bought_notification|นายหน้าค่าหัวซื้อหัวรางวัลของคุณในราคา {{crowns_amount}} crowns.
2115018297|        |rer_bounty_finished_notification|งานล่าค่าหัวเสร็จสิ้น ได้รับ {{side_groups_killed}} คะแนนโบนัสจากกลุ่มเป้าหมายรองที่สังหาร ระดับนักล่า (bounty level) ของคุณตอนนี้คือ {{bounty_level}}.
2115018298|        |option_rer_tutorial_started|First launch
2115018299|        |rer_tutorial_started_title|RER Tutorial - First launch
2115018300|        |rer_tutorial_started_body|ยินดีต้อนรับสู่ <font color="#CD7D03">Random Encounters Reworked</font>!<br />หน้าต่างแจ้งเตือนที่คล้ายกันนี้จะปรากฏขึ้นเมื่อใดก็ตามที่เกิดเหตุการณ์สำคัญที่เกี่ยวข้องกับม็อด เพื่ออธิบายสิ่งที่กำลังเกิดขึ้น ตอนนี้ Random Encounters Reworked จะยังไม่ทำงานอย่างชัดเจน และนี่เป็นเจตนา เพื่อให้ผู้ใช้ปรับตัวเข้ากับม็อดได้ และลดความยุ่งยาก ม็อดจะแนะนำส่วนต่างๆ ของตัวเองตลอดระยะเวลา 10 ชั่วโมง เมื่อถึงตอนนั้น ผู้ใช้ควรจะคุ้นเคยกับวิธีการทำงานของม็อดเป็นอย่างดี<br /><br />หากคุณต้องการการแจ้งเตือนเกี่ยวกับวิธีการทำงานของเหตุการณ์ (event) บางอย่าง คุณสามารถเปิดใช้งานบทช่วยสอน (tutorial) ใหม่ได้ในเมนูม็อด เพื่อให้เมื่อคุณพบเจอเหตุการณ์นั้นอีกครั้ง หน้าต่างแจ้งเตือนก็จะปรากฏขึ้นอีกครั้ง.
2115018301|        |rer_noticeboard_errand_0|ตามหาวิทเชอร์
; to translators:
; the end is not a typo but simply a random name formed with the letters of Aeltoth, my nickname,
; as a way for users to recognise the notices created by RER but without breaking immersion!
; and the spaces are so the name appears on the right on the notice.
; ถึงผู้แปล:
; ข้อความปิดท้ายไม่ใช่การพิมพ์ผิด แต่เป็นเพียงชื่อสุ่มที่สร้างขึ้นจากตัวอักษรของ Aeltoth ซึ่งเป็นชื่อเล่นของฉันเอง
; เพื่อให้ผู้ใช้จดจำประกาศที่สร้างโดย RER ได้โดยไม่ทำลายอรรถรส!
; และที่เว้นช่องว่างแบบนั้นเพื่อให้ชื่อปรากฏทางด้านขวาของประกาศ
2115018302|        |rer_noticeboard_errand_0_text|ชาวบ้านทั้งหลาย!<br /><br />มีผี สัตว์ป่า หรือปีศาจชั่วร้ายและอันตรายบางอย่าง กำลังก่อปัญหาไม่หยุดหย่อนใกล้บ้านเรือนของเรา เราขอให้คำมั่นอย่างสัตย์จริงเกี่ยวกับรางวัลก้อนโต แก่ชายผู้หาญกล้าคนใดก็ตามที่สามารถสังหารมันได้<br /><br />                              - <font color="#7e6d57">A. Letoth</ font>
2115018303|        |rer_dialog_preset_exit_do_nothing|ออกและไม่เปลี่ยนแปลงการตั้งค่า
2115018304|        |rer_dialog_preset_enhanced_edition|[RER preset] Witcher 3 Enhanced Edition
2115018305|        |rer_dialog_preset_vanilla|[RER preset] Vanilla/Default
2115018306|        |preset_Mods_rer_name_rer_rewards_settings_rer_container_refill_settings|การเติมของ Drop (Container Refill)
2115018307|        |panel_rer_container_refill_settings|การเติมของ Drop (Container Refill)
2115018308|        |option_rer_container_refill_chance_multiplier|ไอเท็มทั่วไป, โอกาส (เท่าตัว)
2115018309|        |option_rer_container_refill_only_empty_containers|เฉพาะภาชนะ(หีบ,ถุง ฯลฯ) ที่ว่างเปล่า
2115018310|        |option_rer_container_refill_radius|รัศมี
2115018311|        |option_rer_container_refill_number_of_containers|จำนวนของ Drop ตามการกระตุ้น <font size="15">(Number of containers per trigger)</font>
2115018312|        |option_rer_noticeboard_errands|งานประกาศบนกระดานเพื่อเริ่มสัญญาจ้าง RER
2115018313|        |option_rer_additional_delay_per_player_level|<font color="#9e9e9e">กลางวันและกลางคืน:</font> delay เพิ่มเติม (วินาที) ตามระดับผู้เล่น
2115018314|        |rer_noticeboard_errand_1|ตามหานักล่าผู้มีประสบการณ์
2115018315|        |rer_noticeboard_errand_1_text|ผู้ใดอ่านออก จงอ่านข้อความนี้ และอ่านอย่างละเอียด เพื่อให้เป็นที่รู้กันโดยทั่ว ไม่ว่าจะไกลแค่ไหน หรืออย่างน้อยก็ให้รู้ทั่วทั้งหมู่บ้าน<br /><br />ข้าออกไปที่ทุ่ง เพื่อล่าอะไรบางอย่างมากิน ทันใดนั้นก็ได้ยินเสียงคำราม มีสัตว์ร้ายกินคน เจ้าไม่อาจเดินเข้าไปใกล้ความชั่วร้ายนั้น ในระยะสิบช่วงแขนแล้วหวังว่าจะรอดชีวิตออกมาได้เลย ด้วยเหตุนี้มันจึงทำให้เราออกล่าสัตว์และเก็บเกี่ยวพืชผลไม่ได้ หมายความว่าความอดอยากและความทุกข์ยากกำลังรอเราอยู่ หากไม่มีอะไรเปลี่ยนแปลง<br /><br />ข้าสังเกตเห็นร่องรอยประหลาดบางอย่าง และไม่รู้เลยว่ามันมาจากอะไร ทั้งๆ ที่ข้าออกล่าสัตว์มานับครั้งไม่ถ้วน พวกเจ้ารู้จักข้าดี ข้าไม่ใช่คนที่จะเอะอะโวยวาย แต่ข้าอดคิดไม่ได้ว่ามันเป็นลางร้าย และเราทุกคนควรระวัง<br /><br />หากเจ้ามีความกล้าหาญและฝีมือ จงสังหารอสูรกายนั้นให้พวกเรา และความพยายามของเจ้าจะได้รับรางวัลอย่างแน่นอน<br /><br />                              - <font color="#7e6d57">A. Letoth</ font>
2115018316|        |option_rer_minimap_marker_bounty_master|Minimap markers <font color="#ffd33d">-</font> นายหน้าค่าหัว
2115018317|        |option_rer_minimap_marker_bounties|Minimap markers <font color="#ffd33d">-</font> งานล่าค่าหัว
2115018318|        |option_rer_minimap_marker_generic_objectives|Minimap markers <font color="#ffd33d">-</font> เป้าหมายทั่วไป
2115018319|        |option_rer_ecosystem_frequency_mutliplier|<font color="#9e9e9e">กลางวันและกลางคืน:</font> ผลกระทบของการสังหารต่อ delay <br /><font size="15">(+100%: เร็วขึ้น, -100%: ช้าลง)</font>
2115018320|        |rer_noticeboard_errand_2|ตามหานักล่ามากประสบการณ์
2115018321|        |rer_noticeboard_errand_2_text|ถึงผู้ที่เกี่ยวข้อง:<br /><br />ขอประกาศให้ทราบโดยทั่วกันว่า ผู้ใดก็ตามที่สังหารอสูรกายที่สร้างรังใกล้ที่ดินของเรา และออกฆ่าทั้งผู้คนและสัตว์ จะได้รับรางวัลก้อนโต สังหารสัตว์ร้ายให้มากพอ แล้วเจ้าจะกลายเป็นที่รู้จักไปทั่วดินแดน และถุงเงินของเจ้าจะหนักอึ้งไปด้วยทอง<br /><br />                              - <font color="#7e6d57">A. Letoth</ font>
; Do not translate the "{{creature_name}}", this will be replaced with the actual
; creature name dynamically.
;
; Thank you!
2115018322|        |rer_horde_invasion_strength_title|ความแข็งแกร่งของ {{creature_name}}
2115018323|        |preset_Mods_rer_name_rer_rewards_settings_rer_killing_spree_custom_loot_settings|การสังหารต่อเนื่อง (Killing spree loot)
2115018324|        |panel_rer_killing_spree_custom_loot_settings|การสังหารต่อเนื่อง (Killing spree loot)
2115018325|        |option_rer_killing_spree_chance_increase_per_impact_point|ของ Drop เพิ่มขึ้นตามค่าผลกระทบระบบนิเวศ <br /><font size="15">(Loot increase per ecosystem impact point)</font>
2115018326|        |option_rer_static_encounters_version|<font color="#ec6cb9">                             :</font> version
2115018327|        |preset_value_rer_static_encounters_luc_olivier|Luc Olivier
2115018328|        |preset_value_rer_static_encounters_aeltoth|Aeltoth
2115018329|        |preset_Mods_rer_name_rer_contracts_settings|ระบบสัญญาจ้าง
2115018330|        |panel_rer_contracts_settings|ระบบสัญญาจ้าง
2115018331|        |option_rer_hours_before_new_contracts|ชั่วโมงจริงก่อนมีสัญญาจ้างใหม่
2115018332|        |option_rer_easy_contracts_number|ไม่ใช้
2115018333|        |option_rer_hard_nearby_contracts_number|ไม่ใช้
2115018334|        |option_rer_hard_contracts_number|ไม่ใช้
2115018335|        |option_rer_hard_far_contracts_number|ไม่ใช้
2115018336|        |option_rer_allow_learn_new_locations|ให้ RER เรียนรู้เกี่ยวกับสถานที่ใหม่ๆ เมื่อคุณออกสำรวจ
2115018337|        |option_rer_contracts_generation_seed|Seed การสร้างสัญญาจ้าง (Contract generation seed)
2115018338|        |option_rer_species_chance_beasts|<font color="#ffd33d">โอกาสสายพันธุ์:</font> Beasts
2115018339|        |option_rer_species_chance_cursed|<font color="#ffd33d">                     :</font> Cursed Ones
2115018340|        |option_rer_species_chance_draconids|<font color="#ffd33d">                     :</font> Draconids
2115018341|        |option_rer_species_chance_elementa|<font color="#ffd33d">                     :</font> Elementa
2115018342|        |option_rer_species_chance_hybrids|<font color="#ffd33d">                     :</font> Hybrids
2115018343|        |option_rer_species_chance_insectoids|<font color="#ffd33d">                     :</font> Insectoids
2115018344|        |option_rer_species_chance_necrophages|<font color="#ffd33d">                     :</font> Necrophages
2115018345|        |option_rer_species_chance_ogroids|<font color="#ffd33d">                     :</font> Ogroids
2115018346|        |option_rer_species_chance_relicts|<font color="#ffd33d">                     :</font> Relicts
2115018347|        |option_rer_species_chance_specters|<font color="#ffd33d">                     :</font> Specters
2115018348|        |option_rer_species_chance_vampires|<font color="#ffd33d">                     :</font> Vampires
2115018349|        |rer_species_beasts|Beasts
2115018350|        |rer_species_cursed|Cursed Ones
2115018351|        |rer_species_draconids|Draconids
2115018352|        |rer_species_elementa|Elementa
2115018353|        |rer_species_hybrids|Hybrids
2115018354|        |rer_species_insectoids|Insectoids
2115018355|        |rer_species_necrophages|Necrophages
2115018356|        |rer_species_ogroids|Ogroids
2115018357|        |rer_species_relicts|Relicts
2115018358|        |rer_species_specters|Specters
2115018359|        |rer_species_vampires|Vampires
2115018360|        |rer_distance_close|ไม่ใช้
2115018361|        |rer_distance_far|ไม่ใช้
; this line is the one displayed when starting a contract, for example:
; - Close and easy Ogroids contract
; - Far and hard Draconids contract
; the {{distance}} will be replaced by either "far" or "close"
; the {{difficulty}} will be replaced the preset_value_rer_easy translation high above
; the {{species}} will be replaced by the species translated just above.
2115018362|        |rer_contract_dialog_choice|สัญญาจ้างระดับ {{difficulty}} {{species}} (contract)
2115018363|        |rer_cancel|ยกเลิก
2115018364|        |rer_token_gear|เหรียญแห่งคำขอบคุณ - อุปกรณ์ (Gear)
2115018365|        |rer_token_gear_short|อุปกรณ์ (Gear)
2115018366|        |rer_token_gear_description|เหรียญแห่งคำขอบคุณ (token of gratitude) นี้ ได้รับจากสัญญาจ้างทั่วโลก สามารถนำไปแลกเปลี่ยนกับนายหน้าค่าหัวเพื่อรับอุปกรณ์ (gear).
2115018367|        |rer_token_consumables|เหรียญแห่งคำขอบคุณ - ของใช้จิปาถะ (Consumables)
2115018368|        |rer_token_consumables_short|ของใช้จิปาถะ (Consumables)
2115018369|        |rer_token_consumables_description|เหรียญแห่งคำขอบคุณ (token of gratitude) นี้ ได้รับจากสัญญาจ้างทั่วโลก สามารถนำไปแลกเปลี่ยนกับนายหน้าค่าหัวเพื่อรับของใช้จิปาถะ (consumables).
2115018370|        |rer_token_experience|เหรียญแห่งคำขอบคุณ - ประสบการณ์ (Experience)
2115018371|        |rer_token_experience_short|ประสบการณ์ (Experience)
2115018372|        |rer_token_experience_description|เหรียญแห่งคำขอบคุณ (token of gratitude) นี้ ได้รับจากสัญญาจ้างทั่วโลก สามารถนำไปแลกเปลี่ยนกับนายหน้าค่าหัวเพื่อรับประสบการณ์ (experience).
2115018373|        |rer_token_materials|เหรียญแห่งคำขอบคุณ - วัตถุดิบ (Materials)
2115018374|        |rer_token_materials_short|วัตถุดิบ (Materials)
2115018375|        |rer_token_materials_description|เหรียญแห่งคำขอบคุณ (token of gratitude) นี้ ได้รับจากสัญญาจ้างทั่วโลก สามารถนำไปแลกเปลี่ยนกับนายหน้าค่าหัวเพื่อรับวัตถุดิบ (materials).
2115018376|        |rer_token_gold|เหรียญแห่งคำขอบคุณ - ทอง (Gold)
2115018377|        |rer_token_gold_short|ทอง (Gold)
2115018378|        |rer_token_gold_description|เหรียญแห่งคำขอบคุณ (token of gratitude) นี้ ได้รับจากสัญญาจ้างทั่วโลก สามารถนำไปแลกเปลี่ยนกับนายหน้าค่าหัวเพื่อรับทอง (gold).
; the {{rewards_list}} will be replaced by the actual list of rewards at runtime,
2115018379|        |rer_available_rewards|รางวัลจากกระดานประกาศ: {{rewards_list}}
; As it may be hard to read with all these {{}}, here is an example of what
; it should look like this once localized:
; Gear (7 left)
; {{reward_type}} are the `rer_token_type_short` lines you translated above.
; {{tokens_amount}} is the number of tokens the player has in his inventory.
2115018380|        |rer_token_trading_option|{{reward_type}} (เหลือ {{tokens_amount}})
2115018381|        |rer_token_trading_option_empty|ไม่มีเหรียญ (tokens) ให้แลกเปลี่ยน
2115018382|        |rer_trade_tokens|แลกเปลี่ยนเหรียญแห่งคำขอบคุณ (tokens of gratitude)
2115018383|        |option_rer_mod_version|MOD VERSION <font color="#d73a49">(DO NOT EDIT)</font>
2115018384|        |rer_find_nest|ตามหารังของ {{type}}
2115018385|        |rer_find_nests|ตามหารังของ {{type}}
2115018386|        |rer_survive_horde|เอาชีวิตรอดจากฝูง {{type}}
2115018387|        |rer_kill_target|สังหาร {{type}}
2115018388|        |rer_contract_finished|สัญญาจ้างสิ้นสุดลงแล้ว.
2115018389|        |rer_reward_results|คุณได้แลกเปลี่ยนเหรียญ (token) {{reward_type}} เป็น: {{item_names}}.
2115018390|        |rer_contract_started|สัญญาจ้างเริ่มต้นแล้ว ค้นหาเครื่องหมายบนแผนที่ของคุณ.
2115018391|        |rer_huntsman_redux_bonus|+50% จากทักษะ Huntsman
2115018392|        |rer_complete_more_contracts|ล็อก: ทำสัญญาจ้างเพิ่มเติมเพื่อรับชื่อเสียง.
2115018393|        |rer_select_difficulty|เลือกระดับความยาก (ปัจจุบัน: {{difficulty}})
2115018394|        |rer_distance_nearby|ไม่ใช้
2115018395|        |option_rer_medium_contracts_number|จำนวนสัญญาจ้าง<font color="#d4a72c">ปานกลาง</font>
2115018396|        |option_rer_medium_far_contracts_number|ไม่ใช้
2115018397|        |option_rer_contracts_reputation_system_enabled|<font color="#8250df">ระบบชื่อเสียง:</font> เปิด
2115018398|        |option_rer_contracts_reputation_system_vanilla_contracts_requirement|<font color="#8250df">                  :</font> ชื่อเสียงที่ต้องการสำหรับสัญญาจ้างต้นฉบับ(vanilla contracts)
2115018399|        |option_rer_contracts_reputation_system_reputation_rewards_increase|<font color="#8250df">                  :</font> รางวัลเพิ่มขึ้นตามค่าชื่อเสียง
2115018400|        |rer_mappin_bounty_side_target_title|เป้าหมายการล่ารอง
2115018401|        |rer_mappin_bounty_side_target_description|พบเห็นกลุ่ม {{creature_type}} ในบริเวณนี้ สังหารพวกมันเพื่อเพิ่มเงินรางวัลของคุณ <font color="#ffd33d">(คลิกเพื่อ fast-travel)</font>.
2115018402|        |rer_bounty_side_target_killed|สังหารเป้าหมายรองแล้ว รางวัลเพิ่มขึ้น.
2115018403|        |option_rer_arachnophobia_mode|โหมดสำหรับผู้กลัวแมงมุม <font size="15">(Arachnophobia friendly mode)</font>
2115018404|        |rer_difficulty|ความยาก
2115018405|        |rer_bounty_start_popup_title|รายละเอียดการล่าค่าหัว
2115018406|        |rer_trade_all_tokens|แลกเปลี่ยนเหรียญ (tokens) ทั้งหมด
2115018407|        |option_rer_allow_select_difficulty|เลือกระดับความยากของสัญญาจ้าง
2115018408|        |option_rer_contract_difficulty_scaling|การปรับระดับความยาก
2115018409|        |option_dlc_sharedutils|MOD: Random Encounters Reworked - Shared Utilities
2115018410|        |option_rer_tutorial_bounty_level|ระดับนักล่า
2115018411|        |rer_tutorial_bounty_level_title|RER Tutorial - ระดับนักล่า (Bounty level)
2115018412|        |rer_tutorial_bounty_level_body|เมื่อคุณทำ<font color="#CD7D03">งานล่าค่าหัว (bounty)</font> เสร็จสิ้น <font color="#CD7D03">ระดับนักล่า (bounty level)</font> ของคุณอาจเพิ่มขึ้น แต่ละภูมิภาคมีระดับนักล่าของตัวเอง เมื่อใดที่คุณเพิ่มระดับนักล่า คุณจะได้รับไอเท็มชิ้นหนึ่ง ไอเท็มนี้จะเพิ่มความหายากตามระดับนักล่าของคุณ.
2115018413|        |rer_tutorial_bounty_master_body|คุณได้พบ<font color="#CD7D03">นายหน้าค่าหัว (Bounty master)</font> ตัวละครที่สามารถให้งานล่าค่าหัว (bounties) แก่คุณได้ เขาเดินทางไปทั่วโลก ดังนั้นจึงพบเขาได้ในทุกภูมิภาค อย่างไรก็ตาม เขาก็เคลื่อนที่อยู่ภายในภูมิภาคเหล่านั้นด้วย หากต้องการหาเขา ให้มองบนแผนที่ของคุณและค้นหาเครื่องหมายตกใจ (! - exclamation mark) สีเหลืองล้อมรอบด้วยวงกลมสีขาว.
2115018414|        |preset_Mods_rer_name_rer_rewards_settings_rer_rewards_general_settings|การตั้งค่ารางวัลทั่วไป
2115018415|        |panel_rer_rewards_general_settings|การตั้งค่ารางวัลทั่วไป
2115018416|        |option_rer_loot_global_chance_multiplier|<font color="#ffd33d">ตัวคูณโอกาสโดยรวม (เท่าตัว)</font>
2115018417|        |option_rer_loot_gear_ratio|<font color="#28a745">               อุปกรณ์:</font> อัตราส่วน
2115018418|        |option_rer_loot_gear_rolls_amount|<font color="#28a745">                         :</font> จำนวนครั้งที่สุ่ม
2115018419|        |option_rer_loot_gear_items_per_proc|<font color="#28a745">                         :</font> จำนวนไอเท็มต่อการสุ่มสำเร็จ
2115018420|        |option_rer_loot_gear_common_chance|<font color="#28a745">                         :</font> โอกาสของหายาก common
2115018421|        |option_rer_loot_gear_uncommon_chance|<font color="#28a745">                         :</font> โอกาสของหายาก uncommon
2115018422|        |option_rer_loot_gear_rare_chance|<font color="#28a745">                         :</font> โอกาสของหายาก rare
2115018423|        |option_rer_loot_gear_exotic_chance|<font color="#28a745">                         :</font> โอกาสของหายาก exotic
2115018424|        |option_rer_loot_materials_ratio|<font color="#b392f0">       วัตถุดิบ:</font> อัตราส่วน
2115018425|        |option_rer_loot_materials_rolls_amount|<font color="#b392f0">               :</font> จำนวนครั้งที่สุ่ม
2115018426|        |option_rer_loot_materials_items_per_proc|<font color="#b392f0">               :</font> จำนวนไอเท็มต่อการสุ่มสำเร็จ
2115018427|        |option_rer_loot_materials_common_chance|<font color="#b392f0">               :</font> โอกาสของหายาก common
2115018428|        |option_rer_loot_materials_uncommon_chance|<font color="#b392f0">               :</font> โอกาสของหายาก uncommon
2115018429|        |option_rer_loot_materials_rare_chance|<font color="#b392f0">               :</font> โอกาสของหายาก rare
2115018430|        |option_rer_loot_materials_exotic_chance|<font color="#b392f0">               :</font> โอกาสของหายาก exotic
2115018431|        |option_rer_loot_consumables_ratio|<font color="#ffffff">ของจิปาถะ:</font> อัตราส่วน
2115018432|        |option_rer_loot_consumables_rolls_amount|<font color="#ffffff">                :</font> จำนวนครั้งที่สุ่ม
2115018433|        |option_rer_loot_consumables_items_per_proc|<font color="#ffffff">                :</font> จำนวนไอเท็มต่อการสุ่มสำเร็จ
2115018434|        |option_rer_loot_consumables_common_chance|<font color="#ffffff">                :</font> โอกาสของหายาก common
2115018435|        |option_rer_loot_consumables_uncommon_chance|<font color="#ffffff">                :</font> โอกาสของหายาก uncommon
2115018436|        |option_rer_loot_consumables_rare_chance|<font color="#ffffff">                :</font> โอกาสของหายาก rare
2115018437|        |option_rer_loot_consumables_exotic_chance|<font color="#ffffff">                :</font> โอกาสของหายาก exotic
2115018438|        |option_rer_loot_valuables_ratio|<font color="#ffd33d">       ของมีค่า:</font> อัตราส่วน
2115018439|        |option_rer_loot_valuables_rolls_amount|<font color="#ffd33d">                        :</font> จำนวนครั้งที่สุ่ม
2115018440|        |option_rer_loot_valuables_items_per_proc|<font color="#ffd33d">                        :</font> จำนวนไอเท็มต่อการสุ่มสำเร็จ
2115018441|        |option_rer_loot_valuables_common_chance|<font color="#ffd33d">                        :</font> โอกาสของหายาก common
2115018442|        |option_rer_loot_valuables_uncommon_chance|<font color="#ffd33d">                        :</font> โอกาสของหายาก uncommon
2115018443|        |option_rer_loot_valuables_rare_chance|<font color="#ffd33d">                        :</font> โอกาสของหายาก rare
2115018444|        |option_rer_loot_valuables_exotic_chance| <font color="#ffd33d">                        :</font> โอกาสของหายาก exotic
2115018445|        |rer_reputation_loss_message|ข่าวความล้มเหลวของคุณระหว่างทำสัญญาจ้างได้แพร่กระจายไปทั่วภูมิภาค ชื่อเสียงของคุณลดลง {{number}} แต้ม.
2115018446|        |rer_reputation_spent_message|คะแนนชื่อเสียง {{number}} แต้ม ถูกแลกเปลี่ยนเป็นของรางวัล.
2115018447|        |option_rer_tutorial_bounty_master|นายหน้าค่าหัว
2115018448|        |rer_tutorial_bounty_master_title|RER Tutorial - นายหน้าค่าหัว (Bounty master)
2115018449|        |rer_reputation_spent_message_not_enough|คุณมีชื่อเสียงไม่เพียงพอที่จะใช้.
2115018450|        |preset_value_rer_preset_selector|Preset selector
2115018451|        |rer_bounty|ค่าหัว (Bounty)
2115018452|        |rer_contract|สัญญาจ้าง (Contract)
2115018453|        |rer_strayed_too_far_cancelled|คุณออกห่างจากพื้นที่มากเกินไป {{thing}} ปัจจุบันของคุณถูกยกเลิก.
2115018454|        |option_rer_cancel_spawns_near_quest_markers|ยกเลิกการปรากฏตัวเมื่ออยู่ใกล้เครื่องหมายภารกิจ
2115018455|        |option_rer_oneliners_bounty_main_target|ข้อความสั้น / 3D Marker <font color="#ffd33d">-</font> เป้าหมายค่าหัว
2115018456|        |option_rer_oneliners_contract|ข้อความสั้น / 3D Marker <font color="#ffd33d">-</font> เป้าหมายสัญญาจ้าง
2115018457|        |option_rer_oneliners_ambush|ข้อความสั้น / 3D Marker <font color="#ffd33d">-</font> การซุ่มโจมตี
2115018458|        |option_rer_oneliners_hunting_ground|ข้อความสั้น / 3D Marker <font color="#ffd33d">-</font> พื้นที่ออกล่า
2115018459|        |option_rer_oneliners_hunt|ข้อความสั้น / 3D Marker <font color="#ffd33d">-</font> การออกล่า
2115018460|        |option_rer_oneliners_bounty_master|ข้อความสั้น / 3D Marker <font color="#ffd33d">-</font> นายหน้าค่าหัว
2115018461|        |option_rer_contracts_reward_option|ประเภทของรางวัล
2115018462|        |preset_value_rer_crowns|Crowns <font size="11">ปรับตามการตั้งค่าเงินรางวัลของสัญญาจ้าง</font>
2115018463|        |preset_value_rer_tokens_of_gratitude|เหรียญแห่งคำขอบคุณ
2115018464|        |rer_tracks_examine_hud_message|ร่องรอยนี้ดูเหมือนจะมาจาก {{species}}.
2115018465|        |rer_tracks_examine_hud_message_unknown|ร่องรอยนี้ดูเหมือนจะมาจากสิ่งมีชีวิตที่ไม่รู้จัก.
2115018466|        |option_rer_contract_death_reputation_loss_buffer|Active death counter <font color="#d73a49">(DO NOT EDIT)</font>
2115018467|        |option_rer_contract_death_reputation_loss_amount|<font color="#8250df">                                :</font> ชื่อเสียงลดลงเมื่อตาย
2115018468|        |option_rer_level_scaling|การปรับระดับตามม็อดและผู้เล่น
2115018469|        |preset_value_rer_level_scaling_automatic|ตรวจจับอัตโนมัติ
2115018470|        |preset_value_rer_level_scaling_use_levels|ใช้ระดับของผู้เล่น
2115018471|        |preset_value_rer_level_scaling_use_playtime|ใช้เวลาเล่น [3 ชั่วโมง = 1 ระดับ]
2115018472|        |rer_level_scaling_no_level_detected|ดูเหมือนว่าคุณกำลังใช้ม็อด "No Level" หรือม็อดที่ปรับระดับของคุณแบบไดนามิก (level dynamically) การตั้งค่า <font color="#CD7D03">Mod & Level scaling</font> จาก <font color="#CD7D03">Random Encounters Reworked</font> ได้ถูกตั้งค่าให้ใช้เวลาเล่นของคุณแทนระดับผู้เล่น (player level) แล้ว<br /><br />หากคุณไม่ชอบการเปลี่ยนแปลงนี้ หรือหากคุณคิดว่ามีข้อผิดพลาด (error) คุณสามารถเปลี่ยนได้ด้วยตนเอง ในเมนู Mods ของ <font color="#CD7D03">Random Encounters Reworked</font>.
2115018473|        |preset_value_rer_contract_scaling_mixed|ผสม
2115018474|        |preset_value_rer_contract_scaling_damage_modifiers|+Damage, +HP, +HP Regen
2115018475|        |preset_value_rer_contract_scaling_enemy_count|จำนวนศัตรู
2115018476|        |option_rer_contract_targets_spread|ลักษณะการกระจายตัวของเป้าหมาย
2115018477|        |preset_value_rer_contract_targets_spread_spread|กระจายตัวในหลายตำแหน่ง
2115018478|        |preset_value_rer_contract_targets_spread_grouped|รวมกลุ่มในตำแหน่งเดียวกัน
2115018479|        |option_rer_contracts_target_max_distance|ระยะห่างสูงสุดของเป้าหมายจากกระดานประกาศ
2115018480|        |option_rer_contracts_target_area_radius|รัศมีพื้นที่เป้าหมาย
2115018481|        |rer_contract_crowns_reward|เงินรางวัล
2115018482|        |option_rer_allow_back_to_camp|กลับค่ายหลังเสร็จสิ้น
2115018483|        |rer_confirm_back_to_camp_title|กลับค่าย
2115018484|        |rer_confirm_back_to_camp_description|คุณต้องการเก็บของที่อยู่ใกล้เคียงโดยอัตโนมัติ (auto-collect) และกลับไปยังกระดานประกาศหรือไม่?
2115018485|        |rer_and|และ
2115018486|        |rer_surround_ecosystem_popup_title|ระบบนิเวศโดยรอบ<br />(Surrounding ecosystem)
2115018487|        |rer_surround_ecosystem_popup_body|บริเวณนี้และพื้นที่ใกล้เคียงตอนนี้เต็มไปด้วย {{teeming_creature_names}} ความเป็นไปได้ที่จะพบเจอ {{less_likely_creature_names}} ตอนนี้น้อยลงแล้ว<br /><br />{{ecosystem_advice}}<br /><br />{{ecosystem_delay_multiplier}}
2115018488|        |rer_ecosystem_advice|มี {{creature_name}} กลุ่มใหญ่อาศัยอยู่ที่นี่ เนื่องจากมี {{advice_creature_names}} อุดมสมบูรณ์ ด้วยเหตุนี้ สิ่งมีชีวิตอื่นๆ เช่น {{other_creature_names}} อาจเดินเตร่อยู่แถวนี้.
2115018489|        |rer_ecosystem_addition_advice|<br />นอกจากนี้ {{creature_name}} ยังป้องกันไม่ให้ {{advice_creature_names}} อาศัยอยู่แถวนี้.
2115018490|        |rer_ecosystem_delay_multiplier|สิ่งมีชีวิตในบริเวณนี้กำลังขยายพันธุ์ในอัตราส่วน {{rate_parent}} ของอัตราปกติของพวกมัน.